Achim Leitner <git@fjl.de>
Adam Harwell <flux.adam@gmail.com>
Adam Kaufman <kaufman.blue@gmail.com>
Adam Romanek <romanek.adam@gmail.com>
Adam Spiers <aspiers@suse.com>
Adrian Moisey <adrian@changeover.za.net>
Aigars Mahinovs <Aigars.Mahinovs@bmw.de>
Aigars Mahinovs <aigarius@debian.org>
Aleksandr Charykov <monester@gmail.com>
Aleksey Tsalolikhin <atsaloli.tech@gmail.com>
Alexander Braverman <abraverm@redhat.com>
Alexander Couzens <lynxis@fe80.eu>
Alexander Evseev <aevseev@mirantis.com>
Alexandre Conrad <alexandre@surveymonkey.com>
Alexandre Erwin Ittner <alexandre.ittner@canonical.com>
Aliaksandr Buhayeu <aliaksandr.buhayeu@gmail.com>
Alphadose <anish.mukherjee1996@gmail.com>
Andrea Scarpino <me@andreascarpino.it>
Andreas Jaeger <aj@suse.com>
Andreas Jaeger <aj@suse.de>
Andreas Jaeger <jaegerandi@gmail.com>
Andrew Grimberg <grimbeaj@gmail.com>
Andrew Hutchings <andrew@linuxjedi.co.uk>
Andrew Mellen <andrew_mellen@icloud.com>
Andrew Mellen <andy1030@me.com>
Andrew Reusch <areusch@gmail.com>
Andrew Smith <me@andrewmichaelsmith.com>
Andrew Stangl <andrewstangl@gmail.com>
Andrey Kostrov <ka_ban@rambler.ru>
Andrey Pavlov <andrey-mp@yandex.ru>
Anil Belur <abelur@linuxfoundation.org>
Anil Belur <askb23@gmail.com>
Ankush Pathak <ankush.pathak@canonical.com>
AnnA Tikhonova <anna.m.tikhonova@gmail.com>
Anna Tikhonova <anna.m.tikhonova@gmail.com>
Anna Tikhonova <atikhonova@joom.com>
Antoine Musso <hashar@free.fr>
Anton Tcitlionok <atcitlionok@mirantis.com>
Anushka Bhandari <anushka16134@iiitd.ac.in>
Anyi Li <anyi.li@explorys.com>
Areum Cho <cho00052@algonquinlive.com>
Ari LiVigni <alivigni@redhat.com>
Ari LiVigni <ari@redhat.com>
Arnaud Fabre <fabre.arnaud@gmail.com>
Arne Luehrs <arne.luehrs@gmail.com>
Arnold Bechtoldt <mail@arnoldbechtoldt.com>
Artem Nikitin <anikitin@networkoptix.com>
Atin Ruia <atin.ruia@rackspace.com>
Atsushi SAKAI <sakaia@jp.fujitsu.com>
Attila Fazekas <afazekas@redhat.com>
Aviel Yosef <ayosef@redhat.com>
Ayoub Elhamdani <a.elhamdani90@gmail.com>
Azat Khuzhin <a3at.mail@gmail.com>
Bao Nguyen <bao@fastly.com>
Barak Korren <bkorren@redhat.com>
Barnaby Court <bcourt@redhat.com>
Ben Douglas <bedouglas@tripadvisor.com>
Benjamin Koep <benjamin.koep@trivago.com>
Benjamin Staffin <ben@cloudscaling.com>
Benjamin Staffin <ben@folsomlabs.com>
Bernhard M. Wiedemann <bwiedemann@suse.de>
Bertrand Roussel <broussel@sierrawireless.com>
Bhuvan Arumugam <bhuvan@apple.com>
Bill Maxwell <bill.t.maxwell@gmail.com>
Bracken Dawson <abdawson@gmail.com>
Brad P. Crochet <brad@redhat.com>
Brett Delle Grazie <brett.dellegrazie@gmail.com>
Brian Kruger <bek@monsterous.com>
Brian Saville <bksaville@gmail.com>
Brian Saville <bsaville@adaptivecomputing.com>
Bulat Gaifullin <gaifullinbf@gmail.com>
Cao Xuan Hoang <hoangcx@vn.fujitsu.com>
Carl Fürstenberg <azatoth@gmail.com>
Carl Loa Odin <carlodin@gmail.com>
Chris Burroughs <chris.burroughs@gmail.com>
Chris Cheng <gemini2015@hotmail.com>
Chris Denneen <cdenneen@gmail.com>
Chris Koehnke <chris.koehnke@protonmail.com>
Christian Berendt <berendt@b1-systems.de>
Christian Fetzer <fetzer.ch@gmail.com>
Christian Fetzer <fetzer.ch@googlemail.com>
Christian Hofstaedtler <christian.hofstaedtler@deduktiva.com>
Christian Hofstaedtler <christian@hofstaedtler.name>
Christian Kanthak <c.k@xyz.de>
Christian Rodemeyer <christian@atombrenner.de>
Christoffer Skeppstedt <c.skeppstedt@gmail.com>
Christoph Berg <christoph.berg@credativ.de>
Christoph Berg <myon@debian.org>
Christoph Erhardt <christoph.erhardt@methodpark.de>
Clark Boylan <clark.boylan@gmail.com>
Clayton O'Neill <clayton@oneill.net>
Cody Littley <cjlittle@us.ibm.com>
Dan Kolb <openstack@dankolb.net>
Dane Foster <dene@slush.ca>
Daniel Belenky <daniel.belenky@gmail.com>
Daniel Bengtsson <dbengt@redhat.com>
Daniel Danner <daniel.danner@methodpark.de>
Daniel Díaz <daniel.diaz@linaro.org>
Daniel Richardson <daniel.djrichar@gmail.com>
Daniel Shirley <daniel.l.shirley@hp.com>
Daniel Watkins <daniel.watkins@canonical.com>
Dariusz Lisiak <radar@protonmail.com>
Darragh Bailey <daragh.bailey@gmail.com>
Darragh Bailey <dbailey@hp.com>
Darragh Bailey <dbailey@hpe.com>
David Aguilar <davvid@gmail.com>
David Caro <dcaroest@redhat.com>
David Johansen <david@makewhatis.com>
David Johansen <djohansen@twitter.com>
David Pursehouse <david.pursehouse@sonymobile.com>
David Schneider <schneidav81@gmail.com>
David Smith <shmish111@gmail.com>
Dawid Malinowski <dawidmalina@gmail.com>
Deanna <missdeeh917@gmail.com>
Denis Kochetkov <dkochetkov@parallels.com>
Denis Laxalde <denis.laxalde@logilab.fr>
DennyZhang <denny@unitedstack.com>
Devon Peters <devon.peters@jivesoftware.com>
Dmitry Burmistrov <dburmistrov@mirantis.com>
Dmitry Teselkin <dteselkin@mirantis.com>
Dmitry Tyzhnenko <t.dmitry@gmail.com>
Dominic Cleal <dominic@cleal.org>
Dong Ma <winterma.dong@gmail.com>
Donghui Wang <977675308@qq.com>
Doug Hellmann <doug.hellmann@dreamhost.com>
Drew Rothstein <drew.rothstein@gmail.com>
Drew Welch <dwelch@redhat.com>
Duncan Hutty <duncan.hutty@oracle.com>
Dustin Schoenbrun <dschoenb@redhat.com>
Dzmitry Horbach <dim.horbach@gmail.com>
Egor Borisov <ehborisov@gmail.com>
Eli Klein <elijah@aclue.com>
Emilien Macchi <emilien.macchi@enovance.com>
Emilien Macchi <emilien@redhat.com>
Eren ATAS <eatas.contractor@libertyglobal.com>
Eren Atas <eatas.contractor@libertyglobal.com>
Eric Ball <eball@linuxfoundation.org>
Eric Erfanian <eric.erfanian@gmail.com>
Ettore Leandro Tognoli <ettore.leandro.tognoli@gmail.com>
Evgeni Golov <evgeni@golov.de>
Fabien Boucher <fabien.dot.boucher@gmail.com>
Fathi Boudra <fathi.boudra@linaro.org>
Fatih Degirmenci <fatih.degirmenci@ericsson.com>
Felipe Reyes <freyes@tty.cl>
Florian Preinstorfer <nblock@archlinux.us>
Gabriele Cerami <gcerami@redhat.com>
Gerard Ryan <gerard@ryan.lt>
Ghe Rivero <ghe@debian.org>
Giel van Schijndel <giel@mortis.eu>
Gleb Samsonov <gleb_samsonov@epam.com>
Guido Günther <agx@sigxcpu.org>
Holger Levsen <holger@layer-acht.org>
Ian Cordasco <ian.cordasco@rackspace.com>
Ian Wienand <iwienand@redhat.com>
Ian Zelikman <izelikman@ag.com>
Igor Belikov <ibelikov@mirantis.com>
Igor Lakhtenkov <lakhtenkov@gmail.com>
Ilia Meerovich <imeerovi@redhat.com>
Imran Malik <hayderimran7@gmail.com>
Inaky Perez-Gonzalez <inaky.perez-gonzalez@intel.com>
Isaac Beckman <isaacb@il.ibm.com>
Ivan Fernandez Calvo <kuisathaverat@yahoo.com>
Ivan Remizov <iremizov@gmail.com>
Jacqueline Haefke <jhaefke@gmx.net>
Jaime Flynn <jflynn@redhat.com>
Jaime Melis <jmelis@redhat.com>
James E. Blair <corvus@inaugust.com>
James E. Blair <jeblair@hp.com>
James E. Blair <jeblair@linux.vnet.ibm.com>
James E. Blair <jeblair@openstack.org>
James Harris <james.harris@garmin.com>
Jan Hruban <jan.hruban@gooddata.com>
Jan Zerebecki <jan.openstack@zerebecki.de>
Jaroslav Henner <jhenner@redhat.com>
Jason Kincl <jkincl@gmail.com>
Javier Martinez Canillas <martinez.javier@gmail.com>
Jean-Frédéric Berthelot <jeanfred1@gmail.com>
Jef Mallal <jef.mallal@hp.com>
Jef Mallal <jef.mallal@hpe.com>
Jeff Grafton <jgrafton@google.com>
Jelle van der Waa <jelle@vdwaa.nl>
Jeremy Phelps <jphelps@linuxfoundation.org>
Jeremy Stanley <fungi@yuggoth.org>
Jerome Hourquebie <jhourque@cisco.com>
Jesse DeFer <jdefer@gmail.com>
Jim Graf <grafjg@gmail.com>
Jiri Podivin <jpodivin@redhat.com>
Jiri Tyr <jiri.tyr@gmail.com>
Jo Rhett <jrhett@netconsonance.com>
Joakim Löfgren <joakim.lofgren@gmail.com>
Joakim Soderberg <joakim.soderberg@netrounds.com>
Joao Vale <jpvale@gmail.com>
Johann David <jdavid@inocybe.com>
Johannes Carlsson <johannes.carlsson@acconeer.com>
Johannes Erdfelt <johannes@erdfelt.com>
John Fragoulis <fragoulis@skroutz.gr>
John Oram <joram@tutelatechnologies.com>
John Patterson <john@nextrevision.net>
Jon Nessmar <jon.nessmar@sonymobile.com>
Jon-Paul Sullivan <jonpaul.sullivan@hp.com>
Jonathan Lebon <jlebon@redhat.com>
Jonathan Perret <jonathan@ut7.fr>
Jonathan Rajotte <jonathan.rajotte-julien@efficios.com>
Jonathan Stockton <jstockto2000@gmail.com>
Joost van der Griendt <j.vandergriendt@flusso.nl>
Joost van der Griendt <joostvdg@gmail.com>
Joseph Kostreva <joseph.kostreva@garmin.com>
Joshua Hesketh <josh@nitrotech.org>
João Cravo <joaogbcravo@gmail.com>
Julian Taylor <jtaylor.debian@googlemail.com>
Julien Danjou <julien@danjou.info>
Justin Stoller <justin.stoller@gmail.com>
K Jonathan Harker <k.jonathan.harker@hp.com>
Kei YAMAZAKI <daydream.yamazaki@gmail.com>
Ken Dreyer <ktdreyer@ktdreyer.com>
Kevin Daniels <kevin.daniels@drillinginfo.com>
Kevin L. Mitchell <kevin.mitchell@rackspace.com>
Kevin Short <kevin.short@rackspace.com>
Kevin de Berk <kevin.deberk@brightcomputing.com>
Khai Do <zaro0508@gmail.com>
Kiall Mac Innes <kiall@hp.com>
Kien Ha <kienha9922@gmail.com>
Kienan Stewart <kstewart@efficios.com>
Konrad Beiske <konrad@beiske.org>
Kristian Kraljic <kris@kra.lc>
Kyle Rockman <kyle.rockman@mac.com>
Kyr Shatskyy <kyrylo.shatskyy@gmail.com>
Kyrylo Shatskyy <kyrylo.shatskyy@gmail.com>
Ladislav Thon <lthon@redhat.com>
Leif Madsen <leif@leifmadsen.com>
Li-Wen Hsu <lwhsu@lwhsu.org>
Linus Wallgren <linus.wallgren@scypho.com>
Liu Changcheng <changcheng.liu@intel.com>
Luca Milanesio <luca.milanesio@gmail.com>
Luca Pierri <lukepier95@gmail.com>
Luca Weiss <luca.weiss@fairphone.com>
Lucas Dutra Nunes <ldnunes@ossystems.com.br>
Lukas Bednar <lbednar@redhat.com>
Lukas Lowinger <lukasinko@gmail.com>
Madhumitha Viswanathan <mviswanathan@wikimedia.org>
Major Hayden <major@mhtx.net>
Major Hayden <major@redhat.com>
Malcolm Brooks <mail@malcolmbrooks.co.uk>
Manuel Desbonnet <manuel.desbonnet@hp.com>
Marc Abramowitz <marc@marc-abramowitz.com>
Marco Nenciarini <marco.nenciarini@2ndquadrant.it>
Marco Nenciarini <mnencia@gmail.com>
Marcus Nilsson <marcus.nilsson@klarna.com>
Mark Holmquist <mtraceur@member.fsf.org>
Mark McDonagh <mark.mcdonagh@hp.com>
Martin Konrad <info@martin-konrad.net>
Martin Kopec <mkopec@redhat.com>
Martin Millnert <martin@millnert.se>
Mateusz Rygiel <matryg@gmail.com>
Mathew Odden <mrodden@us.ibm.com>
Mathieu Gagné <mgagne@iweb.com>
Matt Kucia <matt.kucia@aptiv.com>
Matt Kucia <matt.kucia@motional.com>
Matt Story <mstory@arista.com>
Matthieu Baerts <matthieu.baerts@tessares.net>
Mattia Rizzolo <mattia@mapreri.org>
Max Kovgan <kovganm@gmail.com>
Max Rasskazov <mrasskazov@mirantis.com>
Max Rydahl Andersen <manderse@redhat.com>
Max Trunov <trunov_ms@taximaxim.ru>
Mayeul d'Avezac <m.davezac@ucl.ac.uk>
Mehdi Abaakouk <sileht@sileht.net>
Michael Jeanson <mjeanson@gmail.com>
Michael Krotscheck <krotscheck@gmail.com>
Michael Prokop <openstack.org@michael-prokop.at>
Michael Tupitsyn <mikhail.tupitsyn@hp.com>
Michal Kovarik <mkovarik@redhat.com>
Michal Ovciarik <michal.ovciarik@mavenir.com>
Michal Szelag <michal.szelag@sonos.com>
Michal Vanco <michal.vanco@gooddata.com>
Mike Dorman <mdorman@godaddy.com>
Mike Heald <mike.heald@hp.com>
Monty Taylor <mordred@inaugust.com>
Morgan Fainberg <m@metacloud.com>
Mykola Nikishov <mn@mn.com.ua>
Nicola Heald <nicola@notnowlewis.com>
Nicolas Glayre <nicolas.glayre@nespresso.com>
Nikolas Sepos <nikolas.sepos@gmail.com>
Noorul Islam K M <noorul@noorul.com>
Norbert Grünwald <sylfan@gmail.com>
OJ LaBoeuf <orangepeelbeef@gmail.com>
Oleg Stiplin <stiplin@gmail.com>
Oliver Gondza <ogondza@redhat.com>
Olivier Bierlaire <obierlaire@gmail.com>
Ondra Machacek <machacek.ondra@gmail.com>
Ondřej Nový <ondrej.novy@firma.seznam.cz>
Pat Long <pllong@arista.com>
Patrick Paul <jaxon6@gmail.com>
Patrik Boström <patbos@patbos.com>
Pau Espin Pedrol <pespin.shar@gmail.com>
Paul Belanger <paul.belanger@polybeacon.com>
Paul Morie <pmorie@redhat.com>
Paul Sokolovsky <paul.sokolovsky@linaro.org>
Paul Theunissen <theuno@gmail.com>
Pavel Sedlák <psedlak@redhat.com>
Pawel Piatek <xj@wp.pl>
Peter Eisentraut <peter@eisentraut.org>
Peter Jönsson <peter.joensson@gmail.com>
Peter Liljenberg <pliljenberg@gmail.com>
Peter Szabo <asdwsda@gmail.com>
Philip Marc Schwartz <philip@progmad.com>
Philip Roche <phil.roche@canonical.com>
Philippe Godin <pgodin@iweb.com>
Pierre Rognant <pierre.rognant@enovance.com>
Piotr Falkowski <iwane@windowslive.com>
Praveen Kumar <kumarpraveen.nitdgp@gmail.com>
Randy Coulman <randy.coulman@gmail.com>
Reinhard Tartler <siretart@tauware.de>
Richard Pijnenburg <richard.pijnenburg@gmail.com>
Roman Iuvshyn <riuvshyn@redhat.com>
Roman Revyakin <revrom+github@gmail.com>
Rotaru Sergey <badwings@yandex.ru>
Ruan Bahia <ruanmed@live.com>
Ruan Jonker <ruan.jonker@klarna.com>
Ruslan Marinin <ruslan_marinin@me.com>
Russell Sim <russell.sim@gmail.com>
Ryan Carey <rcarey@dataxu.com>
Ryo Tagami <rtagami@airstrip.jp>
Sagar Khushalani <sagar.khushalani@garmin.com>
Sandro Gattuso <sandro.gattuso@gmail.com>
Sebastian Schuberth <sschuberth@gmail.com>
Sergey Kolekonov <skolekonov@mirantis.com>
Sergey Kulanov <skulanov@mirantis.com>
Sergey Lebedev <s.lebedev@li.ru>
Sergey Rotaru <badwings@yandex.ru>
Sergey Yudin <syudin@mirantis.com>
Sergii Kipot <kipot.sergey@gmail.com>
Shane Wang <shane.wang@intel.com>
Simon Gomizelj <simon@vodik.xyz>
Simon Kuhnle <simon.kuhnle@methodpark.de>
Simone Agresta <simone.agresta@bticino.it>
Somay Jain <somay.jain@gmail.com>
Sonali Goyal <sonaligoyal654321@gmail.com>
Sorin Sbarnea <ssbarnea@redhat.com>
Stephen Boyd <stephen.boyd@sohonet.com>
Swapnil Kulkarni (coolsvap) <me@coolsvap.net>
Sylvain Baubeau <lebauce@gmail.com>
Sylvain Baubeau <sbaubeau@redhat.com>
Sylvain Baubeau <sylvain.baubeau@enovance.com>
Takeshi Kanemoto <takeshi.kanemoto@sonymobile.com>
Teemu Suvanto <teemu.suvanto@sonymobile.com>
Terry Howe <terrylhowe@gmail.com>
Thanh Ha <thanh.ha@linuxfoundation.org>
Thanh Ha <zxiiro@gmail.com>
Thanh Ha <zxiiro@linux.com>
Thiago Miotto <thiagomiottoam@gmail.com>
Thomas Bechtold <tbechtold@suse.com>
Thomas Bechtold <thomas.bechtold@canonical.com>
Thomas Desvenain <thomas.desvenain@gmail.com>
Thomas Järvstrand <tjarvstrand@gmail.com>
Thomas Meeus <thomas@sector7g.be>
Tim Birkett <tim.birkett@theladbiblegroup.com>
Tim Birkett <tim.j.birkett@gmail.com>
Tim Burke <tim.burke@gmail.com>
Tim Rupp <caphrim007@gmail.com>
Timo Tijhof <krinklemail@gmail.com>
Timon Wong <timon86.wang@gmail.com>
Timothy Chavez <timothy.chavez@hp.com>
Timothy R. Chavez <timrchavez@us.ibm.com>
Tobias Henkel <tobias.henkel@bmw-carit.de>
Tollef Fog Heen <tfheen@err.no>
Tollef Fog Heen <tfheen@varnish-software.com>
Tomas Bezdek <tbezdek@gumtree.com>
Tomas Hartmann <tomas.hartmann@sap.com>
Tomas Janousek <tomas.janousek@gooddata.com>
Tomas Turek <tturek@redhat.com>
Trevor Bramwell <tbramwell@linuxfoundation.org>
Truc Nguyen <truc.nguyen@bonitasoft.com>
Umesh Singla <umeshksingla@gmail.com>
Unpublished <unpublished@gmx.net>
Vadim Rutkovsky <vrutkovs@redhat.com>
Vasiliy Zasukhin <vzasukhin@elvees.com>
Vasily Gorin <vasilygorin@gmail.com>
Veluri Mithun <velurimithun38@gmail.com>
Vicky Chijwani <vickychijwani@gmail.com>
Victor Boivie <victor.boivie@sonymobile.com>
Victor Seva <linuxmaniac@torreviejawireless.org>
Vishal Bhoj <vishal.bhoj@linaro.org>
Vitaliy Lotorev <lotorev@gmail.com>
Vitaliy Lotorev <vlotorev@elvees.com>
Vsevolod Fedorov <vsevolod.fedorov@gmail.com>
Waldemar Znoinski <wznoinsk@redhat.com>
Wayne <wayne@puppetlabs.com>
Wayne Warren <wayne.warren.s@gmail.com>
Wayne Warren <waynr+launchpad@sdf.org>
Will Soula <william.soula@drillinginfo.com>
Yann Voté <yann.vote@logilab.fr>
Yaron de Leeuw <me@jarondl.net>
Yolanda Robla <yolanda.robla-mota@hp.com>
Yolanda Robla <yolanda.robla@canonical.com>
Yolande Amate <yolandeamate@gmail.com>
Zhang Xiaoxu <zhangxiaoxu5@huawei.com>
aidan.mcginley <aidan.mcginley@wonga.com>
akulakhan <kuhlmann.andrew@gmail.com>
amit lin <amitl@totango.com>
bertagaz <bertagaz@ptitcanardnoir.org>
dayanjer <dayanjeremie@gmail.com>
desbonne <manuel.desbonnet@hp.com>
erelk987 <erelk987@gmail.com>
fumihiko kakuma <kakuma@valinux.co.jp>
hayderimran7 <hayderimran7@gmail.com>
hayderimran7 <imran.malik@emc.com>
imran <imran@cloudscaling.com>
kendallpcdoctor <kendall@pc-doctor.com>
liyuanzhen <li.yuanzhen@zte.com.cn>
mhuin <mhuin@redhat.com>
mlua <magnus.lundin@svenskaspel.se>
mostwanted <most.wanted@gmx.at>
mshonichev <mshonichev@gridgain.com>
nextrevision <notarobot@nextrevision.net>
pierre <pierre@rognant.fr>
qingszhao <zhao.daqing@99cloud.net>
sbussetti <steve.bussetti@gmail.com>
sp-ricard-valverde <ricard.valverde@socialpoint.es>
spalger <email@spalger.com>
tanhengyeow <E0032242@u.nus.edu>
trane9991 <trane9991@gmail.com>
trunov_ms <trunov.ms@gmail.com>
unicell <unicell@gmail.com>
vbotay <vasilygorin@gmail.com>
vgorin <vasilygorin@gmail.com>
wangdonghui <977675308@qq.com>
william.soula <william.soula@drillinginfo.com>
zaro0508 <zaro0508@gmail.com>
zhangyangyang <zhangyangyang@unionpay.com>
